Index,Strike,Mid,IV,Delta,Type,Maturity,Tau
0,292,17.05,24.92%,0.9597,Call,7/25/2025,0.021917808
1,293,16.03,19.47%,0.9817,Call,7/25/2025,0.021917808
2,294,14.73,21.33%,0.963,Call,7/25/2025,0.021917808
3,295,13.68,25.86%,0.9157,Call,7/25/2025,0.021917808
4,296,12.68,17.16%,0.9717,Call,7/25/2025,0.021917808
5,297,11.75,23.19%,0.904,Call,7/25/2025,0.021917808
6,297.5,11.23,16.92%,0.9555,Call,7/25/2025,0.021917808
7,298,10.73,16.29%,0.9541,Call,7/25/2025,0.021917808
8,299,9.85,17.55%,0.9218,Call,7/25/2025,0.021917808
9,300,8.93,20.18%,0.8658,Call,7/25/2025,0.021917808
10,301,7.98,15.55%,0.8966,Call,7/25/2025,0.021917808
11,302,7.18,17.09%,0.8411,Call,7/25/2025,0.021917808
12,302.5,6.73,16.73%,0.8272,Call,7/25/2025,0.021917808
13,303,6.3,16.45%,0.8106,Call,7/25/2025,0.021917808
14,304,5.43,15.55%,0.7778,Call,7/25/2025,0.021917808
15,305,4.68,15.21%,0.7301,Call,7/25/2025,0.021917808
16,306,3.95,15.10%,0.6731,Call,7/25/2025,0.021917808
17,307,3.33,15.00%,0.6109,Call,7/25/2025,0.021917808
18,307.5,2.92,14.89%,0.5786,Call,7/25/2025,0.021917808
19,308,2.64,14.74%,0.5454,Call,7/25/2025,0.021917808
20,309,2.18,14.76%,0.4771,Call,7/25/2025,0.021917808
21,310,1.73,14.86%,0.4104,Call,7/25/2025,0.021917808
22,311,1.42,15.07%,0.3484,Call,7/25/2025,0.021917808
23,312,1.11,15.23%,0.2912,Call,7/25/2025,0.021917808
24,312.5,0.98,15.43%,0.2664,Call,7/25/2025,0.021917808
25,313,0.86,15.37%,0.2398,Call,7/25/2025,0.021917808
26,314,0.67,15.46%,0.1939,Call,7/25/2025,0.021917808
27,315,0.51,15.54%,0.1542,Call,7/25/2025,0.021917808
28,316,0.4,15.94%,0.1256,Call,7/25/2025,0.021917808
29,317,0.3,16.19%,0.0999,Call,7/25/2025,0.021917808
30,317.5,0.27,16.11%,0.0861,Call,7/25/2025,0.021917808
31,318,0.23,16.26%,0.0767,Call,7/25/2025,0.021917808
32,319,0.18,16.56%,0.0607,Call,7/25/2025,0.021917808
33,320,0.15,16.82%,0.0475,Call,7/25/2025,0.021917808
34,321,0.11,17.11%,0.0373,Call,7/25/2025,0.021917808
35,322,0.09,17.51%,0.03,Call,7/25/2025,0.021917808
36,322.5,0.06,17.65%,0.0265,Call,7/25/2025,0.021917808
37,323,0.07,17.72%,0.0231,Call,7/25/2025,0.021917808
38,324,0.06,18.22%,0.0191,Call,7/25/2025,0.021917808
39,325,0.05,18.59%,0.0154,Call,7/25/2025,0.021917808
40,292,0.04,19.06%,-0.0115,Put,7/25/2025,0.021917808
41,293,0.05,18.76%,-0.0151,Put,7/25/2025,0.021917808
42,294,0.05,18.80%,-0.0216,Put,7/25/2025,0.021917808
43,295,0.07,17.91%,-0.0242,Put,7/25/2025,0.021917808
44,296,0.08,16.98%,-0.0271,Put,7/25/2025,0.021917808
45,297,0.1,16.53%,-0.0346,Put,7/25/2025,0.021917808
46,297.5,0.11,16.24%,-0.0385,Put,7/25/2025,0.021917808
47,298,0.12,16.19%,-0.0452,Put,7/25/2025,0.021917808
48,299,0.15,15.64%,-0.0565,Put,7/25/2025,0.021917808
49,300,0.21,15.47%,-0.0759,Put,7/25/2025,0.021917808
50,301,0.26,15.01%,-0.0962,Put,7/25/2025,0.021917808
51,302,0.36,14.82%,-0.126,Put,7/25/2025,0.021917808
52,302.5,0.43,14.71%,-0.1433,Put,7/25/2025,0.021917808
53,303,0.5,14.62%,-0.1626,Put,7/25/2025,0.021917808
54,304,0.67,14.62%,-0.2096,Put,7/25/2025,0.021917808
55,305,0.9,13.98%,-0.2546,Put,7/25/2025,0.021917808
56,306,1.19,14.40%,-0.3216,Put,7/25/2025,0.021917808
57,307,1.52,14.06%,-0.3853,Put,7/25/2025,0.021917808
58,307.5,1.73,14.48%,-0.4226,Put,7/25/2025,0.021917808
59,308,1.93,14.01%,-0.4563,Put,7/25/2025,0.021917808
60,309,2.46,14.65%,-0.5274,Put,7/25/2025,0.021917808
61,310,3,14.00%,-0.6012,Put,7/25/2025,0.021917808
62,311,3.58,14.75%,-0.6612,Put,7/25/2025,0.021917808
63,312,4.33,13.61%,-0.7408,Put,7/25/2025,0.021917808
64,312.5,4.73,14.75%,-0.7516,Put,7/25/2025,0.021917808
65,313,5.07,13.60%,-0.8,Put,7/25/2025,0.021917808
66,314,5.85,12.97%,-0.865,Put,7/25/2025,0.021917808
67,315,6.63,15.70%,-0.8538,Put,7/25/2025,0.021917808
68,316,7.6,14.70%,-0.9091,Put,7/25/2025,0.021917808
69,317,8.45,16.72%,-0.9048,Put,7/25/2025,0.021917808
70,317.5,8.95,16.58%,-0.922,Put,7/25/2025,0.021917808
71,318,9.43,17.25%,-0.9246,Put,7/25/2025,0.021917808
72,319,10.43,17.52%,-0.9441,Put,7/25/2025,0.021917808
73,320,11.52,18.77%,-0.9474,Put,7/25/2025,0.021917808
74,321,12.33,19.99%,-0.9502,Put,7/25/2025,0.021917808
75,322,13.38,19.65%,-0.9688,Put,7/25/2025,0.021917808
76,322.5,13.88,20.22%,-0.9698,Put,7/25/2025,0.021917808
77,323,14.38,20.78%,-0.9706,Put,7/25/2025,0.021917808
78,324,15.25,21.89%,-0.9723,Put,7/25/2025,0.021917808
79,325,16.73,25.38%,-0.9521,Put,7/25/2025,0.021917808
80,289,20.08,27.89%,0.9369,Call,7/28/2025,0.030136986
81,290,19.1,27.12%,0.9319,Call,7/28/2025,0.030136986
82,291,18.1,25.94%,0.9294,Call,7/28/2025,0.030136986
83,292,16.73,15.16%,0.9906,Call,7/28/2025,0.030136986
84,293,15.73,14.26%,0.9905,Call,7/28/2025,0.030136986
85,294,14.73,13.36%,0.9903,Call,7/28/2025,0.030136986
86,295,13.73,12.46%,0.9902,Call,7/28/2025,0.030136986
87,296,12.78,13.94%,0.9734,Call,7/28/2025,0.030136986
88,297,11.78,12.97%,0.972,Call,7/28/2025,0.030136986
89,298,10.83,13.28%,0.9559,Call,7/28/2025,0.030136986
90,299,9.93,13.99%,0.9288,Call,7/28/2025,0.030136986
91,300,9,14.21%,0.9023,Call,7/28/2025,0.030136986
92,301,8.25,15.20%,0.8583,Call,7/28/2025,0.030136986
93,302,7.15,14.26%,0.8399,Call,7/28/2025,0.030136986
94,303,6.53,14.55%,0.7968,Call,7/28/2025,0.030136986
95,304,5.73,14.34%,0.7567,Call,7/28/2025,0.030136986
96,305,4.98,14.18%,0.7107,Call,7/28/2025,0.030136986
97,306,4.28,14.05%,0.6599,Call,7/28/2025,0.030136986
98,307,3.63,13.91%,0.6052,Call,7/28/2025,0.030136986
99,308,3.08,14.00%,0.5466,Call,7/28/2025,0.030136986
100,309,2.51,13.70%,0.4874,Call,7/28/2025,0.030136986
101,310,2.11,13.96%,0.4294,Call,7/28/2025,0.030136986
102,311,1.73,14.02%,0.3732,Call,7/28/2025,0.030136986
103,312,1.4,14.01%,0.3193,Call,7/28/2025,0.030136986
104,313,1.14,14.42%,0.2753,Call,7/28/2025,0.030136986
105,314,0.91,14.32%,0.2286,Call,7/28/2025,0.030136986
106,315,0.72,14.40%,0.1896,Call,7/28/2025,0.030136986
107,316,0.58,14.79%,0.1606,Call,7/28/2025,0.030136986
108,317,0.46,14.98%,0.1328,Call,7/28/2025,0.030136986
109,318,0.36,15.03%,0.1069,Call,7/28/2025,0.030136986
110,319,0.29,15.18%,0.0865,Call,7/28/2025,0.030136986
111,320,0.24,15.69%,0.0743,Call,7/28/2025,0.030136986
112,321,0.19,15.74%,0.0586,Call,7/28/2025,0.030136986
113,322,0.15,15.93%,0.0473,Call,7/28/2025,0.030136986
114,323,0.13,16.29%,0.0396,Call,7/28/2025,0.030136986
115,324,0.11,16.66%,0.0334,Call,7/28/2025,0.030136986
116,325,0.09,17.39%,0.0308,Call,7/28/2025,0.030136986
117,326,0.08,17.40%,0.0239,Call,7/28/2025,0.030136986
118,327,0.06,17.61%,0.0194,Call,7/28/2025,0.030136986
119,328,0.04,18.40%,0.0187,Call,7/28/2025,0.030136986
120,289,0.04,19.45%,-0.0148,Put,7/28/2025,0.030136986
121,290,0.05,18.29%,-0.0143,Put,7/28/2025,0.030136986
122,291,0.06,17.93%,-0.0174,Put,7/28/2025,0.030136986
123,292,0.06,17.67%,-0.0218,Put,7/28/2025,0.030136986
124,293,0.08,17.11%,-0.0253,Put,7/28/2025,0.030136986
125,294,0.09,16.80%,-0.0313,Put,7/28/2025,0.030136986
126,295,0.1,16.10%,-0.0353,Put,7/28/2025,0.030136986
127,296,0.12,15.81%,-0.0442,Put,7/28/2025,0.030136986
128,297,0.15,14.99%,-0.0492,Put,7/28/2025,0.030136986
129,298,0.19,14.66%,-0.0614,Put,7/28/2025,0.030136986
130,299,0.24,14.32%,-0.0764,Put,7/28/2025,0.030136986
131,300,0.31,14.01%,-0.0952,Put,7/28/2025,0.030136986
132,301,0.4,13.92%,-0.1221,Put,7/28/2025,0.030136986
133,302,0.52,13.81%,-0.1538,Put,7/28/2025,0.030136986
134,303,0.67,13.67%,-0.1905,Put,7/28/2025,0.030136986
135,304,0.87,13.55%,-0.2333,Put,7/28/2025,0.030136986
136,305,1.13,13.30%,-0.2801,Put,7/28/2025,0.030136986
137,306,1.42,13.22%,-0.3345,Put,7/28/2025,0.030136986
138,307,1.8,13.46%,-0.3957,Put,7/28/2025,0.030136986
139,308,2.25,13.64%,-0.4576,Put,7/28/2025,0.030136986
140,309,2.75,13.35%,-0.5194,Put,7/28/2025,0.030136986
141,310,3.28,12.78%,-0.5858,Put,7/28/2025,0.030136986
142,311,3.88,12.07%,-0.6583,Put,7/28/2025,0.030136986
143,312,4.45,12.41%,-0.7154,Put,7/28/2025,0.030136986
144,313,5.28,12.92%,-0.7622,Put,7/28/2025,0.030136986
145,314,6.07,12.98%,-0.8104,Put,7/28/2025,0.030136986
146,315,6.85,12.37%,-0.8694,Put,7/28/2025,0.030136986
147,316,7.73,12.13%,-0.9152,Put,7/28/2025,0.030136986
148,317,8.63,11.28%,-0.974,Put,7/28/2025,0.030136986
149,318,9.55,15.42%,-0.9062,Put,7/28/2025,0.030136986
150,319,10.5,15.85%,-0.9231,Put,7/28/2025,0.030136986
151,320,11.48,16.94%,-0.9277,Put,7/28/2025,0.030136986
152,321,12.43,17.11%,-0.9459,Put,7/28/2025,0.030136986
153,322,13.43,18.12%,-0.9486,Put,7/28/2025,0.030136986
154,323,14.4,19.12%,-0.951,Put,7/28/2025,0.030136986
155,324,15.33,24.67%,-0.9015,Put,7/28/2025,0.030136986
156,325,16.25,23.76%,-0.9253,Put,7/28/2025,0.030136986
157,326,17.33,26.88%,-0.9083,Put,7/28/2025,0.030136986
158,327,18.3,27.29%,-0.9167,Put,7/28/2025,0.030136986
159,328,19.33,29.03%,-0.914,Put,7/28/2025,0.030136986
160,289,19.8,16.70%,0.9893,Call,7/30/2025,0.035616438
161,290,18.8,15.85%,0.9891,Call,7/30/2025,0.035616438
162,291,18.18,23.62%,0.9289,Call,7/30/2025,0.035616438
163,292,17.18,22.55%,0.9262,Call,7/30/2025,0.035616438
164,293,15.95,17.95%,0.9554,Call,7/30/2025,0.035616438
165,294,14.88,15.31%,0.9685,Call,7/30/2025,0.035616438
166,295,13.93,15.52%,0.9563,Call,7/30/2025,0.035616438
167,296,12.93,14.56%,0.9541,Call,7/30/2025,0.035616438
168,297,12.02,15.21%,0.9317,Call,7/30/2025,0.035616438
169,298,11.13,15.41%,0.9104,Call,7/30/2025,0.035616438
170,299,10.33,16.30%,0.8756,Call,7/30/2025,0.035616438
171,300,9.43,15.94%,0.855,Call,7/30/2025,0.035616438
172,301,8.38,14.28%,0.8517,Call,7/30/2025,0.035616438
173,302,7.73,15.50%,0.7996,Call,7/30/2025,0.035616438
174,303,6.93,15.34%,0.7657,Call,7/30/2025,0.035616438
175,304,6,14.27%,0.7402,Call,7/30/2025,0.035616438
176,305,5.3,15.11%,0.686,Call,7/30/2025,0.035616438
177,306,4.78,15.12%,0.6403,Call,7/30/2025,0.035616438
178,307,4.18,15.15%,0.5927,Call,7/30/2025,0.035616438
179,308,3.6,14.95%,0.5446,Call,7/30/2025,0.035616438
180,309,3.1,14.99%,0.4949,Call,7/30/2025,0.035616438
181,310,2.65,15.03%,0.4457,Call,7/30/2025,0.035616438
182,311,2.25,15.18%,0.3986,Call,7/30/2025,0.035616438
183,312,1.94,15.41%,0.3546,Call,7/30/2025,0.035616438
184,313,1.6,15.26%,0.3094,Call,7/30/2025,0.035616438
185,314,1.33,15.32%,0.269,Call,7/30/2025,0.035616438
186,315,1.11,15.38%,0.2321,Call,7/30/2025,0.035616438
187,316,0.92,15.49%,0.1992,Call,7/30/2025,0.035616438
188,317,0.76,15.65%,0.1705,Call,7/30/2025,0.035616438
189,318,0.63,15.85%,0.146,Call,7/30/2025,0.035616438
190,319,0.52,15.97%,0.1232,Call,7/30/2025,0.035616438
191,320,0.43,16.20%,0.1049,Call,7/30/2025,0.035616438
192,321,0.35,16.32%,0.0878,Call,7/30/2025,0.035616438
193,322,0.29,16.53%,0.0741,Call,7/30/2025,0.035616438
194,323,0.24,16.73%,0.0625,Call,7/30/2025,0.035616438
195,324,0.21,17.13%,0.0546,Call,7/30/2025,0.035616438
196,325,0.17,17.25%,0.0452,Call,7/30/2025,0.035616438
197,326,0.15,17.55%,0.0388,Call,7/30/2025,0.035616438
198,327,0.13,18.00%,0.0345,Call,7/30/2025,0.035616438
199,328,0.1,17.81%,0.0264,Call,7/30/2025,0.035616438
200,289,0.07,18.92%,-0.0211,Put,7/30/2025,0.035616438
201,290,0.08,18.07%,-0.022,Put,7/30/2025,0.035616438
202,291,0.09,17.87%,-0.0271,Put,7/30/2025,0.035616438
203,292,0.11,17.28%,-0.0303,Put,7/30/2025,0.035616438
204,293,0.12,16.65%,-0.0338,Put,7/30/2025,0.035616438
205,294,0.15,16.63%,-0.0435,Put,7/30/2025,0.035616438
206,295,0.18,15.98%,-0.0487,Put,7/30/2025,0.035616438
207,296,0.22,15.77%,-0.0599,Put,7/30/2025,0.035616438
208,297,0.26,15.35%,-0.0707,Put,7/30/2025,0.035616438
209,298,0.33,15.19%,-0.0872,Put,7/30/2025,0.035616438
210,299,0.41,14.96%,-0.1059,Put,7/30/2025,0.035616438
211,300,0.52,14.85%,-0.1295,Put,7/30/2025,0.035616438
212,301,0.66,14.69%,-0.1564,Put,7/30/2025,0.035616438
213,302,0.82,14.56%,-0.1877,Put,7/30/2025,0.035616438
214,303,1.02,14.73%,-0.2276,Put,7/30/2025,0.035616438
215,304,1.26,14.41%,-0.2643,Put,7/30/2025,0.035616438
216,305,1.55,14.17%,-0.3065,Put,7/30/2025,0.035616438
217,306,1.89,14.48%,-0.3578,Put,7/30/2025,0.035616438
218,307,2.25,14.25%,-0.4066,Put,7/30/2025,0.035616438
219,308,2.72,14.79%,-0.4603,Put,7/30/2025,0.035616438
220,309,3.18,14.34%,-0.5122,Put,7/30/2025,0.035616438
221,310,3.72,14.23%,-0.5656,Put,7/30/2025,0.035616438
222,311,4.33,14.23%,-0.6175,Put,7/30/2025,0.035616438
223,312,4.95,14.09%,-0.6696,Put,7/30/2025,0.035616438
224,313,5.65,14.08%,-0.7182,Put,7/30/2025,0.035616438
225,314,6.4,14.09%,-0.7633,Put,7/30/2025,0.035616438
226,315,7.3,14.82%,-0.7906,Put,7/30/2025,0.035616438
227,316,8,13.92%,-0.8459,Put,7/30/2025,0.035616438
228,317,8.85,13.74%,-0.8848,Put,7/30/2025,0.035616438
229,318,9.73,13.37%,-0.9243,Put,7/30/2025,0.035616438
230,319,10.63,12.40%,-0.9749,Put,7/30/2025,0.035616438
231,320,11.6,16.95%,-0.9038,Put,7/30/2025,0.035616438
232,321,12.43,17.37%,-0.9173,Put,7/30/2025,0.035616438
233,322,13.48,17.66%,-0.9343,Put,7/30/2025,0.035616438
234,323,14.43,17.76%,-0.947,Put,7/30/2025,0.035616438
235,324,15.4,23.73%,-0.887,Put,7/30/2025,0.035616438
236,325,16.58,24.77%,-0.8909,Put,7/30/2025,0.035616438
237,326,17.63,18.35%,-0.9827,Put,7/30/2025,0.035616438
238,327,18.38,31.41%,-0.8547,Put,7/30/2025,0.035616438
239,328,19.63,19.96%,-0.984,Put,7/30/2025,0.035616438
240,292,17.5,20.93%,0.8825,Call,8/8/2025,0.060273973
241,293,16.58,16.98%,0.9143,Call,8/8/2025,0.060273973
242,294,15.65,16.77%,0.9028,Call,8/8/2025,0.060273973
243,295,14.7,16.29%,0.8935,Call,8/8/2025,0.060273973
244,296,13.9,16.79%,0.8693,Call,8/8/2025,0.060273973
245,297,12.93,16.03%,0.8611,Call,8/8/2025,0.060273973
246,297.5,12.63,16.74%,0.8408,Call,8/8/2025,0.060273973
247,298,12.13,16.25%,0.837,Call,8/8/2025,0.060273973
248,299,11.3,16.20%,0.8152,Call,8/8/2025,0.060273973
249,300,10.48,16.03%,0.7931,Call,8/8/2025,0.060273973
250,301,9.65,15.77%,0.7704,Call,8/8/2025,0.060273973
251,302,8.98,16.06%,0.7386,Call,8/8/2025,0.060273973
252,302.5,8.6,15.99%,0.7249,Call,8/8/2025,0.060273973
253,303,8.28,16.10%,0.7088,Call,8/8/2025,0.060273973
254,304,7.6,16.11%,0.678,Call,8/8/2025,0.060273973
255,305,6.95,16.10%,0.6463,Call,8/8/2025,0.060273973
256,306,6.4,16.04%,0.6138,Call,8/8/2025,0.060273973
257,307,5.8,16.26%,0.5793,Call,8/8/2025,0.060273973
258,307.5,5.53,16.18%,0.5627,Call,8/8/2025,0.060273973
259,308,5.28,16.33%,0.5455,Call,8/8/2025,0.060273973
260,309,4.78,16.37%,0.5118,Call,8/8/2025,0.060273973
261,310,4.3,16.38%,0.4782,Call,8/8/2025,0.060273973
262,311,3.88,16.19%,0.444,Call,8/8/2025,0.060273973
263,312,3.47,16.77%,0.4143,Call,8/8/2025,0.060273973
264,312.5,3.28,16.48%,0.3965,Call,8/8/2025,0.060273973
265,313,3.1,16.52%,0.3809,Call,8/8/2025,0.060273973
266,314,2.76,16.60%,0.3506,Call,8/8/2025,0.060273973
267,315,2.46,16.60%,0.3208,Call,8/8/2025,0.060273973
268,316,2.18,16.69%,0.2933,Call,8/8/2025,0.060273973
269,317,1.92,16.63%,0.2653,Call,8/8/2025,0.060273973
270,317.5,1.81,16.73%,0.2536,Call,8/8/2025,0.060273973
271,318,1.69,16.78%,0.2416,Call,8/8/2025,0.060273973
272,319,1.49,16.84%,0.2182,Call,8/8/2025,0.060273973
273,320,1.32,16.87%,0.1959,Call,8/8/2025,0.060273973
274,321,1.13,16.89%,0.1752,Call,8/8/2025,0.060273973
275,322,1.01,17.04%,0.1578,Call,8/8/2025,0.060273973
276,323,0.89,17.19%,0.142,Call,8/8/2025,0.060273973
277,324,0.78,17.29%,0.1268,Call,8/8/2025,0.060273973
278,325,0.68,17.33%,0.1123,Call,8/8/2025,0.060273973
279,326,0.59,17.47%,0.1004,Call,8/8/2025,0.060273973
280,292,0.35,16.15%,-0.0641,Put,8/8/2025,0.060273973
281,293,0.41,16.15%,-0.0763,Put,8/8/2025,0.060273973
282,294,0.48,16.12%,-0.0897,Put,8/8/2025,0.060273973
283,295,0.56,15.86%,-0.1016,Put,8/8/2025,0.060273973
284,296,0.66,15.88%,-0.1191,Put,8/8/2025,0.060273973
285,297,0.78,15.52%,-0.133,Put,8/8/2025,0.060273973
286,297.5,0.84,15.56%,-0.1439,Put,8/8/2025,0.060273973
287,298,0.91,15.51%,-0.1539,Put,8/8/2025,0.060273973
288,299,1.08,15.49%,-0.1766,Put,8/8/2025,0.060273973
289,300,1.26,15.45%,-0.201,Put,8/8/2025,0.060273973
290,301,1.48,15.36%,-0.2269,Put,8/8/2025,0.060273973
291,302,1.73,15.35%,-0.2557,Put,8/8/2025,0.060273973
292,302.5,1.86,15.34%,-0.2707,Put,8/8/2025,0.060273973
293,303,2.01,15.36%,-0.2865,Put,8/8/2025,0.060273973
294,304,2.32,15.34%,-0.3186,Put,8/8/2025,0.060273973
295,305,2.68,15.39%,-0.353,Put,8/8/2025,0.060273973
296,306,3.1,15.63%,-0.3894,Put,8/8/2025,0.060273973
297,307,3.5,15.45%,-0.4237,Put,8/8/2025,0.060273973
298,307.5,3.72,15.19%,-0.4411,Put,8/8/2025,0.060273973
299,308,4,15.78%,-0.4605,Put,8/8/2025,0.060273973
300,309,4.48,15.55%,-0.4967,Put,8/8/2025,0.060273973
301,310,5,15.19%,-0.5341,Put,8/8/2025,0.060273973
302,311,5.58,15.58%,-0.5688,Put,8/8/2025,0.060273973
303,312,6.23,15.76%,-0.6033,Put,8/8/2025,0.060273973
304,312.5,6.5,15.07%,-0.6269,Put,8/8/2025,0.060273973
305,313,6.88,15.82%,-0.6371,Put,8/8/2025,0.060273973
306,314,7.45,15.47%,-0.6752,Put,8/8/2025,0.060273973
307,315,8.13,14.79%,-0.7183,Put,8/8/2025,0.060273973
308,316,8.98,15.84%,-0.7341,Put,8/8/2025,0.060273973
309,317,9.75,15.91%,-0.7618,Put,8/8/2025,0.060273973
310,317.5,10.1,15.72%,-0.7832,Put,8/8/2025,0.060273973
311,318,10.48,15.60%,-0.798,Put,8/8/2025,0.060273973
312,319,11.3,15.63%,-0.8221,Put,8/8/2025,0.060273973
313,320,12.13,15.53%,-0.8507,Put,8/8/2025,0.060273973
314,321,12.93,15.02%,-0.8834,Put,8/8/2025,0.060273973
315,322,13.88,15.44%,-0.8982,Put,8/8/2025,0.060273973
316,323,14.7,14.45%,-0.9424,Put,8/8/2025,0.060273973
317,324,15.6,17.61%,-0.8945,Put,8/8/2025,0.060273973
318,325,16.5,17.52%,-0.9148,Put,8/8/2025,0.060273973
319,326,17.45,17.77%,-0.9251,Put,8/8/2025,0.060273973
320,289,21.15,19.80%,0.9019,Call,8/15/2025,0.079452055
321,290,20.08,19.10%,0.8982,Call,8/15/2025,0.079452055
322,291,18.92,17.05%,0.9105,Call,8/15/2025,0.079452055
323,292,18,16.84%,0.9007,Call,8/15/2025,0.079452055
324,293,17.08,16.57%,0.8906,Call,8/15/2025,0.079452055
325,294,16.25,16.84%,0.8721,Call,8/15/2025,0.079452055
326,295,15.38,16.71%,0.8577,Call,8/15/2025,0.079452055
327,296,14.48,16.39%,0.8447,Call,8/15/2025,0.079452055
328,297,13.63,16.26%,0.8278,Call,8/15/2025,0.079452055
329,298,12.83,17.11%,0.7964,Call,8/15/2025,0.079452055
330,299,12,16.71%,0.7805,Call,8/15/2025,0.079452055
331,300,11.25,16.26%,0.7638,Call,8/15/2025,0.079452055
332,301,10.53,16.19%,0.7408,Call,8/15/2025,0.079452055
333,302,9.83,16.23%,0.7154,Call,8/15/2025,0.079452055
334,303,9.13,16.60%,0.6859,Call,8/15/2025,0.079452055
335,304,8.48,15.96%,0.6649,Call,8/15/2025,0.079452055
336,305,7.88,16.30%,0.6345,Call,8/15/2025,0.079452055
337,306,7.25,16.66%,0.6045,Call,8/15/2025,0.079452055
338,307,6.73,16.37%,0.5776,Call,8/15/2025,0.079452055
339,308,6.18,16.22%,0.5491,Call,8/15/2025,0.079452055
340,309,5.68,16.18%,0.5199,Call,8/15/2025,0.079452055
341,310,5.2,16.43%,0.491,Call,8/15/2025,0.079452055
342,311,4.75,16.43%,0.4623,Call,8/15/2025,0.079452055
343,312,4.35,16.54%,0.4345,Call,8/15/2025,0.079452055
344,313,3.95,16.55%,0.4067,Call,8/15/2025,0.079452055
345,314,3.6,16.56%,0.3796,Call,8/15/2025,0.079452055
346,315,3.25,16.72%,0.3545,Call,8/15/2025,0.079452055
347,316,2.95,16.70%,0.3287,Call,8/15/2025,0.079452055
348,317,2.67,16.73%,0.3043,Call,8/15/2025,0.079452055
349,318,2.41,16.82%,0.2817,Call,8/15/2025,0.079452055
350,319,2.16,16.84%,0.2592,Call,8/15/2025,0.079452055
351,320,1.9,16.78%,0.2367,Call,8/15/2025,0.079452055
352,321,1.74,16.95%,0.2186,Call,8/15/2025,0.079452055
353,322,1.56,17.01%,0.2001,Call,8/15/2025,0.079452055
354,323,1.4,17.09%,0.1831,Call,8/15/2025,0.079452055
355,324,1.25,17.13%,0.1665,Call,8/15/2025,0.079452055
356,325,1.12,17.19%,0.1514,Call,8/15/2025,0.079452055
357,326,1,17.20%,0.1367,Call,8/15/2025,0.079452055
358,327,0.89,17.32%,0.1246,Call,8/15/2025,0.079452055
359,328,0.73,17.06%,0.1081,Call,8/15/2025,0.079452055
360,289,0.4,16.64%,-0.064,Put,8/15/2025,0.079452055
361,290,0.45,16.47%,-0.0721,Put,8/15/2025,0.079452055
362,291,0.52,16.20%,-0.0799,Put,8/15/2025,0.079452055
363,292,0.59,16.18%,-0.0919,Put,8/15/2025,0.079452055
364,293,0.68,16.14%,-0.1049,Put,8/15/2025,0.079452055
365,294,0.78,16.02%,-0.1181,Put,8/15/2025,0.079452055
366,295,0.9,15.88%,-0.1323,Put,8/15/2025,0.079452055
367,296,1.04,15.83%,-0.1491,Put,8/15/2025,0.079452055
368,297,1.19,15.59%,-0.1647,Put,8/15/2025,0.079452055
369,298,1.35,15.61%,-0.1857,Put,8/15/2025,0.079452055
370,299,1.56,15.75%,-0.2096,Put,8/15/2025,0.079452055
371,300,1.77,15.54%,-0.2301,Put,8/15/2025,0.079452055
372,301,2.06,15.63%,-0.2561,Put,8/15/2025,0.079452055
373,302,2.3,15.53%,-0.2811,Put,8/15/2025,0.079452055
374,303,2.62,15.55%,-0.3087,Put,8/15/2025,0.079452055
375,304,3,15.53%,-0.337,Put,8/15/2025,0.079452055
376,305,3.35,15.76%,-0.3679,Put,8/15/2025,0.079452055
377,306,3.75,15.55%,-0.3965,Put,8/15/2025,0.079452055
378,307,4.2,15.72%,-0.4275,Put,8/15/2025,0.079452055
379,308,4.65,15.69%,-0.4586,Put,8/15/2025,0.079452055
380,309,5.2,15.78%,-0.4894,Put,8/15/2025,0.079452055
381,310,5.7,15.84%,-0.5201,Put,8/15/2025,0.079452055
382,311,6.15,15.04%,-0.5553,Put,8/15/2025,0.079452055
383,312,6.85,15.86%,-0.5819,Put,8/15/2025,0.079452055
384,313,7.5,15.98%,-0.6109,Put,8/15/2025,0.079452055
385,314,8.15,16.01%,-0.6408,Put,8/15/2025,0.079452055
386,315,8.8,16.17%,-0.6677,Put,8/15/2025,0.079452055
387,316,9.45,15.50%,-0.7038,Put,8/15/2025,0.079452055
388,317,10.15,15.68%,-0.7282,Put,8/15/2025,0.079452055
389,318,11.03,16.14%,-0.7479,Put,8/15/2025,0.079452055
390,319,11.73,15.02%,-0.7928,Put,8/15/2025,0.079452055
391,320,12.5,15.72%,-0.8036,Put,8/15/2025,0.079452055
392,321,13.27,15.48%,-0.8353,Put,8/15/2025,0.079452055
393,322,14.18,15.72%,-0.8533,Put,8/15/2025,0.079452055
394,323,15.03,15.61%,-0.8721,Put,8/15/2025,0.079452055
395,324,15.83,14.94%,-0.9074,Put,8/15/2025,0.079452055
396,325,16.78,15.18%,-0.9253,Put,8/15/2025,0.079452055
397,326,17.73,15.32%,-0.9381,Put,8/15/2025,0.079452055
398,327,18.63,14.43%,-0.9735,Put,8/15/2025,0.079452055
399,328,19.58,17.75%,-0.917,Put,8/15/2025,0.079452055
400,289,21.5,18.70%,0.8921,Call,8/22/2025,0.098630137
401,290,20.55,18.27%,0.8856,Call,8/22/2025,0.098630137
402,291,19.65,18.09%,0.8755,Call,8/22/2025,0.098630137
403,292,18.75,17.86%,0.8651,Call,8/22/2025,0.098630137
404,293,17.78,17.24%,0.8591,Call,8/22/2025,0.098630137
405,294,16.98,17.40%,0.8421,Call,8/22/2025,0.098630137
406,295,16.03,16.85%,0.8336,Call,8/22/2025,0.098630137
407,296,14.77,14.99%,0.8433,Call,8/22/2025,0.098630137
408,297,14.38,16.65%,0.8013,Call,8/22/2025,0.098630137
409,298,13.52,16.37%,0.7859,Call,8/22/2025,0.098630137
410,299,12.83,16.57%,0.7634,Call,8/22/2025,0.098630137
411,300,12.1,16.60%,0.7422,Call,8/22/2025,0.098630137
412,301,11.4,16.64%,0.7201,Call,8/22/2025,0.098630137
413,302,10.63,16.91%,0.6952,Call,8/22/2025,0.098630137
414,303,9.95,16.35%,0.6772,Call,8/22/2025,0.098630137
415,304,9.3,16.40%,0.6528,Call,8/22/2025,0.098630137
416,305,8.7,15.83%,0.632,Call,8/22/2025,0.098630137
417,306,8.08,16.31%,0.6037,Call,8/22/2025,0.098630137
418,307,7.48,16.16%,0.5788,Call,8/22/2025,0.098630137
419,308,6.93,16.21%,0.5528,Call,8/22/2025,0.098630137
420,309,6.43,16.26%,0.5267,Call,8/22/2025,0.098630137
421,310,5.93,16.17%,0.5007,Call,8/22/2025,0.098630137
422,311,5.48,16.34%,0.4751,Call,8/22/2025,0.098630137
423,312,5.08,16.59%,0.4506,Call,8/22/2025,0.098630137
424,313,4.68,16.43%,0.4248,Call,8/22/2025,0.098630137
425,314,4.28,16.41%,0.3998,Call,8/22/2025,0.098630137
426,315,3.93,16.38%,0.3753,Call,8/22/2025,0.098630137
427,316,3.6,16.51%,0.3528,Call,8/22/2025,0.098630137
428,317,3.3,16.57%,0.3304,Call,8/22/2025,0.098630137
429,318,3.01,16.62%,0.3087,Call,8/22/2025,0.098630137
430,319,2.76,16.79%,0.2894,Call,8/22/2025,0.098630137
431,320,2.51,16.69%,0.2676,Call,8/22/2025,0.098630137
432,321,2.28,16.75%,0.2486,Call,8/22/2025,0.098630137
433,322,2.07,16.81%,0.2306,Call,8/22/2025,0.098630137
434,323,1.88,16.85%,0.2132,Call,8/22/2025,0.098630137
435,324,1.7,16.90%,0.1969,Call,8/22/2025,0.098630137
436,325,1.55,17.00%,0.1823,Call,8/22/2025,0.098630137
437,326,1.39,17.00%,0.1671,Call,8/22/2025,0.098630137
438,327,1.26,17.06%,0.1535,Call,8/22/2025,0.098630137
439,328,1.14,17.10%,0.1407,Call,8/22/2025,0.098630137
440,289,0.55,16.22%,-0.079,Put,8/22/2025,0.098630137
441,290,0.63,16.24%,-0.0901,Put,8/22/2025,0.098630137
442,291,0.72,15.97%,-0.0984,Put,8/22/2025,0.098630137
443,292,0.81,15.95%,-0.111,Put,8/22/2025,0.098630137
444,293,0.92,15.70%,-0.1214,Put,8/22/2025,0.098630137
445,294,1.06,15.81%,-0.1379,Put,8/22/2025,0.098630137
446,295,1.18,15.64%,-0.1517,Put,8/22/2025,0.098630137
447,296,1.42,15.63%,-0.1691,Put,8/22/2025,0.098630137
448,297,1.59,15.67%,-0.1882,Put,8/22/2025,0.098630137
449,298,1.71,15.50%,-0.2055,Put,8/22/2025,0.098630137
450,299,2.02,15.66%,-0.2287,Put,8/22/2025,0.098630137
451,300,2.28,15.62%,-0.2501,Put,8/22/2025,0.098630137
452,301,2.55,15.74%,-0.2748,Put,8/22/2025,0.098630137
453,302,2.84,15.73%,-0.2985,Put,8/22/2025,0.098630137
454,303,3.1,15.40%,-0.32,Put,8/22/2025,0.098630137
455,304,3.55,15.66%,-0.348,Put,8/22/2025,0.098630137
456,305,3.95,15.87%,-0.3757,Put,8/22/2025,0.098630137
457,306,4.38,15.92%,-0.4023,Put,8/22/2025,0.098630137
458,307,4.8,15.71%,-0.4288,Put,8/22/2025,0.098630137
459,308,5.28,15.73%,-0.4561,Put,8/22/2025,0.098630137
460,309,5.75,15.58%,-0.4841,Put,8/22/2025,0.098630137
461,310,6.32,15.86%,-0.512,Put,8/22/2025,0.098630137
462,311,6.83,15.94%,-0.5393,Put,8/22/2025,0.098630137
463,312,7.4,15.96%,-0.5666,Put,8/22/2025,0.098630137
464,313,8.05,16.10%,-0.5926,Put,8/22/2025,0.098630137
465,314,8.65,16.04%,-0.6199,Put,8/22/2025,0.098630137
466,315,9.35,16.18%,-0.645,Put,8/22/2025,0.098630137
467,316,10.1,16.41%,-0.6678,Put,8/22/2025,0.098630137
468,317,10.83,16.50%,-0.6901,Put,8/22/2025,0.098630137
469,318,11.55,16.53%,-0.7134,Put,8/22/2025,0.098630137
470,319,12.3,16.56%,-0.7402,Put,8/22/2025,0.098630137
471,320,13,16.33%,-0.7643,Put,8/22/2025,0.098630137
472,321,13.8,16.38%,-0.7832,Put,8/22/2025,0.098630137
473,322,14.6,16.36%,-0.8047,Put,8/22/2025,0.098630137
474,323,15.55,16.88%,-0.8169,Put,8/22/2025,0.098630137
475,324,16.38,16.82%,-0.8403,Put,8/22/2025,0.098630137
476,325,17.23,16.78%,-0.8558,Put,8/22/2025,0.098630137
477,326,18.18,17.18%,-0.8639,Put,8/22/2025,0.098630137
478,327,19,16.85%,-0.8908,Put,8/22/2025,0.098630137
479,328,19.95,17.15%,-0.8981,Put,8/22/2025,0.098630137
480,289,21.63,16.55%,0.9009,Call,8/29/2025,0.117808219
481,290,20.7,16.32%,0.8927,Call,8/29/2025,0.117808219
482,291,19.88,16.55%,0.8776,Call,8/29/2025,0.117808219
483,292,19,16.46%,0.8658,Call,8/29/2025,0.117808219
484,293,18.15,16.42%,0.8524,Call,8/29/2025,0.117808219
485,294,17.2,15.93%,0.8446,Call,8/29/2025,0.117808219
486,295,16.38,15.91%,0.8292,Call,8/29/2025,0.117808219
487,296,15.52,15.74%,0.8151,Call,8/29/2025,0.117808219
488,297,14.83,16.04%,0.7934,Call,8/29/2025,0.117808219
489,298,14.03,15.93%,0.7766,Call,8/29/2025,0.117808219
490,299,13.3,15.68%,0.7605,Call,8/29/2025,0.117808219
491,300,12.55,15.92%,0.7375,Call,8/29/2025,0.117808219
492,301,11.83,15.87%,0.7174,Call,8/29/2025,0.117808219
493,302,11.18,15.96%,0.695,Call,8/29/2025,0.117808219
494,303,10.5,15.93%,0.6733,Call,8/29/2025,0.117808219
495,304,9.85,15.77%,0.652,Call,8/29/2025,0.117808219
496,305,9.28,16.00%,0.6272,Call,8/29/2025,0.117808219
497,306,8.65,15.92%,0.6043,Call,8/29/2025,0.117808219
498,307,8.15,16.34%,0.5791,Call,8/29/2025,0.117808219
499,308,7.63,15.95%,0.5565,Call,8/29/2025,0.117808219
500,309,7.13,16.00%,0.5325,Call,8/29/2025,0.117808219
501,310,6.63,16.18%,0.5086,Call,8/29/2025,0.117808219
502,311,6.18,16.05%,0.4846,Call,8/29/2025,0.117808219
503,312,5.73,16.23%,0.4616,Call,8/29/2025,0.117808219
504,313,5.33,16.30%,0.4386,Call,8/29/2025,0.117808219
505,314,4.93,16.29%,0.4157,Call,8/29/2025,0.117808219
506,315,4.58,16.39%,0.3938,Call,8/29/2025,0.117808219
507,316,4.23,16.60%,0.3737,Call,8/29/2025,0.117808219
508,317,3.9,16.40%,0.3504,Call,8/29/2025,0.117808219
509,318,3.6,16.50%,0.3305,Call,8/29/2025,0.117808219
510,319,3.33,16.63%,0.3118,Call,8/29/2025,0.117808219
511,320,3.05,16.72%,0.2933,Call,8/29/2025,0.117808219
512,321,2.8,16.63%,0.2732,Call,8/29/2025,0.117808219
513,322,2.58,16.68%,0.2556,Call,8/29/2025,0.117808219
514,323,2.37,16.84%,0.2405,Call,8/29/2025,0.117808219
515,324,2.17,16.78%,0.2228,Call,8/29/2025,0.117808219
516,325,1.98,16.82%,0.2074,Call,8/29/2025,0.117808219
517,326,1.81,16.87%,0.1929,Call,8/29/2025,0.117808219
518,327,1.68,17.01%,0.1806,Call,8/29/2025,0.117808219
519,328,1.51,17.09%,0.168,Call,8/29/2025,0.117808219
520,289,0.74,16.15%,-0.0953,Put,8/29/2025,0.117808219
521,290,0.83,15.93%,-0.1037,Put,8/29/2025,0.117808219
522,291,0.93,15.83%,-0.1145,Put,8/29/2025,0.117808219
523,292,1.04,15.64%,-0.1248,Put,8/29/2025,0.117808219
524,293,1.17,15.63%,-0.1387,Put,8/29/2025,0.117808219
525,294,1.33,15.72%,-0.1551,Put,8/29/2025,0.117808219
526,295,1.48,15.47%,-0.1673,Put,8/29/2025,0.117808219
527,296,1.65,15.58%,-0.186,Put,8/29/2025,0.117808219
528,297,1.84,15.45%,-0.2022,Put,8/29/2025,0.117808219
529,298,2.06,15.46%,-0.2214,Put,8/29/2025,0.117808219
530,299,2.3,15.51%,-0.2421,Put,8/29/2025,0.117808219
531,300,2.56,15.39%,-0.2615,Put,8/29/2025,0.117808219
532,301,2.85,15.40%,-0.2833,Put,8/29/2025,0.117808219
533,302,3.15,15.48%,-0.3066,Put,8/29/2025,0.117808219
534,303,3.5,15.33%,-0.3285,Put,8/29/2025,0.117808219
535,304,3.85,15.39%,-0.3528,Put,8/29/2025,0.117808219
536,305,4.25,15.30%,-0.377,Put,8/29/2025,0.117808219
537,306,4.68,15.46%,-0.403,Put,8/29/2025,0.117808219
538,307,5.13,15.51%,-0.4285,Put,8/29/2025,0.117808219
539,308,5.65,15.45%,-0.4543,Put,8/29/2025,0.117808219
540,309,6.15,15.46%,-0.4803,Put,8/29/2025,0.117808219
541,310,6.63,15.45%,-0.506,Put,8/29/2025,0.117808219
542,311,7.2,15.70%,-0.5313,Put,8/29/2025,0.117808219
543,312,7.78,15.48%,-0.5583,Put,8/29/2025,0.117808219
544,313,8.38,15.55%,-0.5834,Put,8/29/2025,0.117808219
545,314,9,15.80%,-0.6067,Put,8/29/2025,0.117808219
546,315,9.53,15.51%,-0.6347,Put,8/29/2025,0.117808219
547,316,10.33,15.87%,-0.6543,Put,8/29/2025,0.117808219
548,317,11.03,15.92%,-0.6769,Put,8/29/2025,0.117808219
549,318,11.75,15.97%,-0.7002,Put,8/29/2025,0.117808219
550,319,12.38,15.66%,-0.7299,Put,8/29/2025,0.117808219
551,320,13.28,16.11%,-0.7437,Put,8/29/2025,0.117808219
552,321,14.05,16.14%,-0.7624,Put,8/29/2025,0.117808219
553,322,14.7,15.67%,-0.7952,Put,8/29/2025,0.117808219
554,323,15.58,15.89%,-0.8144,Put,8/29/2025,0.117808219
555,324,16.42,15.95%,-0.8293,Put,8/29/2025,0.117808219
556,325,17.25,15.86%,-0.8459,Put,8/29/2025,0.117808219
557,326,18.13,15.89%,-0.8677,Put,8/29/2025,0.117808219
558,327,19,15.84%,-0.885,Put,8/29/2025,0.117808219
559,328,19.9,15.85%,-0.8975,Put,8/29/2025,0.117808219
560,289,23.1,17.42%,0.8517,Call,9/19/2025,0.175342466
561,290,22.2,16.57%,0.8516,Call,9/19/2025,0.175342466
562,291,21.45,17.15%,0.8319,Call,9/19/2025,0.175342466
563,292,20.55,17.12%,0.8198,Call,9/19/2025,0.175342466
564,293,19.6,16.06%,0.8209,Call,9/19/2025,0.175342466
565,294,18.83,16.10%,0.8065,Call,9/19/2025,0.175342466
566,295,18.1,16.78%,0.7835,Call,9/19/2025,0.175342466
567,296,17.3,15.73%,0.7822,Call,9/19/2025,0.175342466
568,297,16.58,16.17%,0.761,Call,9/19/2025,0.175342466
569,298,15.8,16.27%,0.7439,Call,9/19/2025,0.175342466
570,299,15.08,16.02%,0.7304,Call,9/19/2025,0.175342466
571,300,14.3,15.60%,0.7179,Call,9/19/2025,0.175342466
572,301,13.7,15.78%,0.6983,Call,9/19/2025,0.175342466
573,302,13.08,16.08%,0.6776,Call,9/19/2025,0.175342466
574,303,12.4,16.01%,0.6601,Call,9/19/2025,0.175342466
575,304,11.88,16.21%,0.6403,Call,9/19/2025,0.175342466
576,305,11.2,16.26%,0.6214,Call,9/19/2025,0.175342466
577,306,10.65,16.12%,0.6034,Call,9/19/2025,0.175342466
578,307,10,15.75%,0.5857,Call,9/19/2025,0.175342466
579,308,9.48,15.99%,0.5655,Call,9/19/2025,0.175342466
580,309,8.98,16.04%,0.546,Call,9/19/2025,0.175342466
581,310,8.48,16.05%,0.5265,Call,9/19/2025,0.175342466
582,311,8.03,15.98%,0.507,Call,9/19/2025,0.175342466
583,312,7.58,16.16%,0.488,Call,9/19/2025,0.175342466
584,313,7.13,16.05%,0.4685,Call,9/19/2025,0.175342466
585,314,6.73,16.22%,0.4502,Call,9/19/2025,0.175342466
586,315,6.35,16.29%,0.4318,Call,9/19/2025,0.175342466
587,316,5.98,16.33%,0.4136,Call,9/19/2025,0.175342466
588,317,5.63,16.38%,0.3958,Call,9/19/2025,0.175342466
589,318,5.3,16.45%,0.3786,Call,9/19/2025,0.175342466
590,319,4.98,16.33%,0.3599,Call,9/19/2025,0.175342466
591,320,4.68,16.49%,0.3443,Call,9/19/2025,0.175342466
592,321,4.38,16.55%,0.3283,Call,9/19/2025,0.175342466
593,322,4.1,16.71%,0.3139,Call,9/19/2025,0.175342466
594,323,3.85,16.67%,0.2976,Call,9/19/2025,0.175342466
595,324,3.6,16.82%,0.2841,Call,9/19/2025,0.175342466
596,325,3.38,16.83%,0.2693,Call,9/19/2025,0.175342466
597,326,3.15,16.80%,0.2545,Call,9/19/2025,0.175342466
598,327,2.96,16.87%,0.2416,Call,9/19/2025,0.175342466
599,328,2.76,16.93%,0.2289,Call,9/19/2025,0.175342466
600,289,1.3,15.78%,-0.1288,Put,9/19/2025,0.175342466
601,290,1.43,15.75%,-0.1401,Put,9/19/2025,0.175342466
602,291,1.66,15.58%,-0.1499,Put,9/19/2025,0.175342466
603,292,1.81,15.64%,-0.1637,Put,9/19/2025,0.175342466
604,293,1.9,15.48%,-0.1751,Put,9/19/2025,0.175342466
605,294,2.09,15.50%,-0.1899,Put,9/19/2025,0.175342466
606,295,2.39,15.55%,-0.2054,Put,9/19/2025,0.175342466
607,296,2.51,15.44%,-0.2195,Put,9/19/2025,0.175342466
608,297,2.75,15.35%,-0.2346,Put,9/19/2025,0.175342466
609,298,3.01,15.40%,-0.2522,Put,9/19/2025,0.175342466
610,299,3.3,15.41%,-0.2699,Put,9/19/2025,0.175342466
611,300,3.6,15.53%,-0.2893,Put,9/19/2025,0.175342466
612,301,3.9,15.42%,-0.3067,Put,9/19/2025,0.175342466
613,302,4.25,15.52%,-0.3268,Put,9/19/2025,0.175342466
614,303,4.73,15.50%,-0.3462,Put,9/19/2025,0.175342466
615,304,5.13,15.38%,-0.3652,Put,9/19/2025,0.175342466
616,305,5.48,15.55%,-0.387,Put,9/19/2025,0.175342466
617,306,5.98,15.61%,-0.4074,Put,9/19/2025,0.175342466
618,307,6.38,15.55%,-0.4279,Put,9/19/2025,0.175342466
619,308,6.78,15.71%,-0.4495,Put,9/19/2025,0.175342466
620,309,7.28,15.49%,-0.4699,Put,9/19/2025,0.175342466
621,310,7.88,15.88%,-0.4908,Put,9/19/2025,0.175342466
622,311,8.5,15.99%,-0.5114,Put,9/19/2025,0.175342466
623,312,8.98,16.00%,-0.5322,Put,9/19/2025,0.175342466
624,313,9.58,15.92%,-0.5532,Put,9/19/2025,0.175342466
625,314,10.18,15.79%,-0.5755,Put,9/19/2025,0.175342466
626,315,10.8,15.98%,-0.5939,Put,9/19/2025,0.175342466
627,316,11.45,15.80%,-0.6159,Put,9/19/2025,0.175342466
628,317,12.13,15.83%,-0.6358,Put,9/19/2025,0.175342466
629,318,12.83,15.88%,-0.6565,Put,9/19/2025,0.175342466
630,319,13.5,15.86%,-0.6787,Put,9/19/2025,0.175342466
631,320,14.23,16.10%,-0.6936,Put,9/19/2025,0.175342466
632,321,15,15.93%,-0.7134,Put,9/19/2025,0.175342466
633,322,15.75,15.91%,-0.7305,Put,9/19/2025,0.175342466
634,323,16.53,15.86%,-0.7548,Put,9/19/2025,0.175342466
635,324,17.3,15.94%,-0.7758,Put,9/19/2025,0.175342466
636,325,18.15,16.62%,-0.7803,Put,9/19/2025,0.175342466
637,326,19,16.76%,-0.7921,Put,9/19/2025,0.175342466
638,327,19.78,16.64%,-0.8072,Put,9/19/2025,0.175342466
639,328,20.7,16.94%,-0.8154,Put,9/19/2025,0.175342466
640,289,23.6,16.07%,0.8557,Call,9/30/2025,0.205479452
641,290,22.73,15.92%,0.8466,Call,9/30/2025,0.205479452
642,291,22.03,16.25%,0.8303,Call,9/30/2025,0.205479452
643,292,21.1,15.90%,0.8229,Call,9/30/2025,0.205479452
644,293,20.38,16.08%,0.8078,Call,9/30/2025,0.205479452
645,294,19.53,15.88%,0.7972,Call,9/30/2025,0.205479452
646,295,18.75,16.46%,0.776,Call,9/30/2025,0.205479452
647,296,18.05,15.96%,0.7681,Call,9/30/2025,0.205479452
648,297,17.3,16.01%,0.7528,Call,9/30/2025,0.205479452
649,298,16.43,15.57%,0.743,Call,9/30/2025,0.205479452
650,299,15.77,16.03%,0.7222,Call,9/30/2025,0.205479452
651,300,15.2,16.16%,0.705,Call,9/30/2025,0.205479452
652,301,14.53,15.91%,0.6912,Call,9/30/2025,0.205479452
653,302,13.88,15.92%,0.6746,Call,9/30/2025,0.205479452
654,303,13.08,15.54%,0.6607,Call,9/30/2025,0.205479452
655,304,12.48,15.63%,0.6425,Call,9/30/2025,0.205479452
656,305,11.98,15.49%,0.6257,Call,9/30/2025,0.205479452
657,306,11.4,15.84%,0.6059,Call,9/30/2025,0.205479452
658,307,10.77,15.72%,0.5885,Call,9/30/2025,0.205479452
659,308,10.25,15.76%,0.5703,Call,9/30/2025,0.205479452
660,309,9.73,15.77%,0.5522,Call,9/30/2025,0.205479452
661,310,9.23,15.79%,0.534,Call,9/30/2025,0.205479452
662,311,8.77,15.87%,0.5159,Call,9/30/2025,0.205479452
663,312,8.33,15.91%,0.4979,Call,9/30/2025,0.205479452
664,313,7.88,15.92%,0.48,Call,9/30/2025,0.205479452
665,314,7.48,16.00%,0.4625,Call,9/30/2025,0.205479452
666,315,7.08,16.01%,0.445,Call,9/30/2025,0.205479452
667,316,6.73,16.14%,0.4283,Call,9/30/2025,0.205479452
668,317,6.33,16.12%,0.4111,Call,9/30/2025,0.205479452
669,318,6,16.20%,0.3949,Call,9/30/2025,0.205479452
670,319,5.68,16.26%,0.3788,Call,9/30/2025,0.205479452
671,320,5.35,16.39%,0.3638,Call,9/30/2025,0.205479452
672,321,5.08,16.39%,0.3479,Call,9/30/2025,0.205479452
673,322,4.78,16.41%,0.3326,Call,9/30/2025,0.205479452
674,323,4.5,16.46%,0.3179,Call,9/30/2025,0.205479452
675,324,4.25,16.52%,0.3039,Call,9/30/2025,0.205479452
676,325,4,16.56%,0.2901,Call,9/30/2025,0.205479452
677,326,3.78,16.63%,0.2769,Call,9/30/2025,0.205479452
678,327,3.55,16.67%,0.2639,Call,9/30/2025,0.205479452
679,328,3.35,16.75%,0.2517,Call,9/30/2025,0.205479452
680,289,1.65,15.79%,-0.1439,Put,9/30/2025,0.205479452
681,290,1.71,15.46%,-0.1507,Put,9/30/2025,0.205479452
682,291,1.87,15.47%,-0.1631,Put,9/30/2025,0.205479452
683,292,2.04,15.40%,-0.1747,Put,9/30/2025,0.205479452
684,293,2.32,15.62%,-0.1911,Put,9/30/2025,0.205479452
685,294,2.52,15.42%,-0.2021,Put,9/30/2025,0.205479452
686,295,2.65,15.25%,-0.2142,Put,9/30/2025,0.205479452
687,296,3,15.32%,-0.2301,Put,9/30/2025,0.205479452
688,297,3.15,15.40%,-0.2467,Put,9/30/2025,0.205479452
689,298,3.4,15.27%,-0.2612,Put,9/30/2025,0.205479452
690,299,3.7,15.29%,-0.2782,Put,9/30/2025,0.205479452
691,300,4.05,15.49%,-0.2975,Put,9/30/2025,0.205479452
692,301,4.35,15.33%,-0.3134,Put,9/30/2025,0.205479452
693,302,4.7,15.34%,-0.3315,Put,9/30/2025,0.205479452
694,303,5.08,15.36%,-0.3501,Put,9/30/2025,0.205479452
695,304,5.58,15.25%,-0.368,Put,9/30/2025,0.205479452
696,305,5.88,15.39%,-0.3879,Put,9/30/2025,0.205479452
697,306,6.33,15.44%,-0.407,Put,9/30/2025,0.205479452
698,307,6.78,15.36%,-0.4264,Put,9/30/2025,0.205479452
699,308,7.38,15.72%,-0.4466,Put,9/30/2025,0.205479452
700,309,7.88,15.34%,-0.4662,Put,9/30/2025,0.205479452
701,310,8.27,15.67%,-0.4853,Put,9/30/2025,0.205479452
702,311,8.83,15.63%,-0.5051,Put,9/30/2025,0.205479452
703,312,9.5,15.60%,-0.5256,Put,9/30/2025,0.205479452
704,313,10.03,15.81%,-0.5442,Put,9/30/2025,0.205479452
705,314,10.63,15.86%,-0.563,Put,9/30/2025,0.205479452
706,315,11.25,15.72%,-0.5834,Put,9/30/2025,0.205479452
707,316,11.9,15.75%,-0.6025,Put,9/30/2025,0.205479452
708,317,12.58,16.06%,-0.6178,Put,9/30/2025,0.205479452
709,318,13.28,15.85%,-0.6411,Put,9/30/2025,0.205479452
710,319,14,16.27%,-0.6563,Put,9/30/2025,0.205479452
711,320,14.7,16.30%,-0.6725,Put,9/30/2025,0.205479452
712,321,15.38,16.24%,-0.6898,Put,9/30/2025,0.205479452
713,322,16.18,16.42%,-0.7033,Put,9/30/2025,0.205479452
714,323,16.95,16.51%,-0.7174,Put,9/30/2025,0.205479452
715,324,17.7,15.98%,-0.7544,Put,9/30/2025,0.205479452
716,325,18.5,16.61%,-0.7595,Put,9/30/2025,0.205479452
717,326,19.28,16.58%,-0.7734,Put,9/30/2025,0.205479452
718,327,20.05,16.53%,-0.7873,Put,9/30/2025,0.205479452
719,328,20.85,16.50%,-0.8002,Put,9/30/2025,0.205479452
720,289,24.45,15.43%,0.8479,Call,10/17/2025,0.252054795
721,290,23.73,16.05%,0.8285,Call,10/17/2025,0.252054795
722,291,22.9,15.60%,0.8234,Call,10/17/2025,0.252054795
723,292,22.15,15.33%,0.8155,Call,10/17/2025,0.252054795
724,293,21.3,15.52%,0.8007,Call,10/17/2025,0.252054795
725,294,20.55,15.55%,0.7877,Call,10/17/2025,0.252054795
726,295,19.83,15.60%,0.774,Call,10/17/2025,0.252054795
727,296,19.08,15.57%,0.7611,Call,10/17/2025,0.252054795
728,297,18.28,15.41%,0.7493,Call,10/17/2025,0.252054795
729,298,17.65,15.58%,0.7332,Call,10/17/2025,0.252054795
730,299,16.95,15.56%,0.7189,Call,10/17/2025,0.252054795
731,300,16.3,15.90%,0.7008,Call,10/17/2025,0.252054795
732,301,15.65,15.63%,0.6884,Call,10/17/2025,0.252054795
733,302,14.95,15.53%,0.674,Call,10/17/2025,0.252054795
734,303,14.48,15.81%,0.6563,Call,10/17/2025,0.252054795
735,304,13.8,15.70%,0.6415,Call,10/17/2025,0.252054795
736,305,13.23,15.74%,0.6254,Call,10/17/2025,0.252054795
737,306,12.65,15.75%,0.6094,Call,10/17/2025,0.252054795
738,307,12.15,15.86%,0.5928,Call,10/17/2025,0.252054795
739,308,11.63,15.77%,0.577,Call,10/17/2025,0.252054795
740,309,11.13,15.95%,0.5604,Call,10/17/2025,0.252054795
741,310,10.63,15.85%,0.5443,Call,10/17/2025,0.252054795
742,311,10.15,16.01%,0.5281,Call,10/17/2025,0.252054795
743,312,9.58,15.86%,0.5118,Call,10/17/2025,0.252054795
744,313,9.25,16.02%,0.496,Call,10/17/2025,0.252054795
745,314,8.83,16.14%,0.4804,Call,10/17/2025,0.252054795
746,315,8.43,16.08%,0.4643,Call,10/17/2025,0.252054795
747,316,8.03,16.27%,0.4496,Call,10/17/2025,0.252054795
748,317,7.68,16.33%,0.4345,Call,10/17/2025,0.252054795
749,318,7.33,16.39%,0.4197,Call,10/17/2025,0.252054795
750,319,6.98,16.44%,0.405,Call,10/17/2025,0.252054795
751,320,6.63,16.42%,0.39,Call,10/17/2025,0.252054795
752,321,6.33,16.67%,0.3778,Call,10/17/2025,0.252054795
753,322,6,16.56%,0.3625,Call,10/17/2025,0.252054795
754,323,5.73,16.64%,0.3493,Call,10/17/2025,0.252054795
755,324,5.43,16.66%,0.3357,Call,10/17/2025,0.252054795
756,325,5.18,16.75%,0.3232,Call,10/17/2025,0.252054795
757,326,4.9,16.76%,0.3103,Call,10/17/2025,0.252054795
758,327,4.65,16.81%,0.298,Call,10/17/2025,0.252054795
759,328,4.43,16.87%,0.2863,Call,10/17/2025,0.252054795
760,289,2.05,15.60%,-0.1593,Put,10/17/2025,0.252054795
761,290,2.23,15.51%,-0.1693,Put,10/17/2025,0.252054795
762,291,2.41,15.55%,-0.1817,Put,10/17/2025,0.252054795
763,292,2.61,15.52%,-0.1934,Put,10/17/2025,0.252054795
764,293,2.82,15.51%,-0.206,Put,10/17/2025,0.252054795
765,294,3.05,15.53%,-0.2192,Put,10/17/2025,0.252054795
766,295,3.3,15.51%,-0.2326,Put,10/17/2025,0.252054795
767,296,3.55,15.49%,-0.2464,Put,10/17/2025,0.252054795
768,297,3.85,15.54%,-0.2613,Put,10/17/2025,0.252054795
769,298,4.1,15.45%,-0.2758,Put,10/17/2025,0.252054795
770,299,4.43,15.49%,-0.2912,Put,10/17/2025,0.252054795
771,300,4.78,15.58%,-0.3076,Put,10/17/2025,0.252054795
772,301,5.13,15.56%,-0.3237,Put,10/17/2025,0.252054795
773,302,5.5,15.57%,-0.3398,Put,10/17/2025,0.252054795
774,303,5.85,15.55%,-0.3561,Put,10/17/2025,0.252054795
775,304,6.3,15.51%,-0.3724,Put,10/17/2025,0.252054795
776,305,6.68,15.59%,-0.3903,Put,10/17/2025,0.252054795
777,306,7.13,15.70%,-0.408,Put,10/17/2025,0.252054795
778,307,7.58,15.65%,-0.4249,Put,10/17/2025,0.252054795
779,308,8.1,15.84%,-0.4429,Put,10/17/2025,0.252054795
780,309,8.6,15.79%,-0.4597,Put,10/17/2025,0.252054795
781,310,9.08,15.76%,-0.4774,Put,10/17/2025,0.252054795
782,311,9.5,15.64%,-0.4961,Put,10/17/2025,0.252054795
783,312,10.18,15.85%,-0.5134,Put,10/17/2025,0.252054795
784,313,10.78,15.93%,-0.5308,Put,10/17/2025,0.252054795
785,314,11.35,15.95%,-0.5483,Put,10/17/2025,0.252054795
786,315,11.98,16.02%,-0.5655,Put,10/17/2025,0.252054795
787,316,12.52,15.72%,-0.5851,Put,10/17/2025,0.252054795
788,317,13.18,15.99%,-0.6009,Put,10/17/2025,0.252054795
789,318,13.88,16.11%,-0.619,Put,10/17/2025,0.252054795
790,319,14.52,16.10%,-0.6363,Put,10/17/2025,0.252054795
791,320,15.1,16.20%,-0.6505,Put,10/17/2025,0.252054795
792,321,15.8,15.96%,-0.6683,Put,10/17/2025,0.252054795
793,322,16.65,16.25%,-0.6806,Put,10/17/2025,0.252054795
794,323,17.38,16.27%,-0.6949,Put,10/17/2025,0.252054795
795,324,18.13,16.32%,-0.713,Put,10/17/2025,0.252054795
796,325,18.9,16.38%,-0.7361,Put,10/17/2025,0.252054795
797,326,19.65,16.35%,-0.7494,Put,10/17/2025,0.252054795
798,327,20.45,16.40%,-0.7612,Put,10/17/2025,0.252054795
799,328,21.25,16.44%,-0.773,Put,10/17/2025,0.252054795
800,285,29.9,15.77%,0.8559,Call,11/21/2025,0.347945205
801,290,25.98,15.89%,0.8074,Call,11/21/2025,0.347945205
802,291,25.08,15.62%,0.8007,Call,11/21/2025,0.347945205
803,292,24.38,15.73%,0.7887,Call,11/21/2025,0.347945205
804,293,23.5,15.49%,0.781,Call,11/21/2025,0.347945205
805,294,22.98,15.87%,0.765,Call,11/21/2025,0.347945205
806,295,22.17,15.72%,0.7554,Call,11/21/2025,0.347945205
807,296,21.3,15.44%,0.7471,Call,11/21/2025,0.347945205
808,297,20.48,15.23%,0.7375,Call,11/21/2025,0.347945205
809,298,19.95,15.50%,0.7221,Call,11/21/2025,0.347945205
810,299,19.33,15.58%,0.7088,Call,11/21/2025,0.347945205
811,300,18.63,15.52%,0.6968,Call,11/21/2025,0.347945205
812,301,18.05,15.63%,0.6829,Call,11/21/2025,0.347945205
813,302,17.38,15.56%,0.6705,Call,11/21/2025,0.347945205
814,303,16.83,15.67%,0.6565,Call,11/21/2025,0.347945205
815,304,16.38,15.90%,0.6418,Call,11/21/2025,0.347945205
816,305,15.75,15.85%,0.6288,Call,11/21/2025,0.347945205
817,306,15.18,16.18%,0.6139,Call,11/21/2025,0.347945205
818,307,14.65,15.91%,0.6018,Call,11/21/2025,0.347945205
819,308,13.95,15.77%,0.5888,Call,11/21/2025,0.347945205
820,309,13.45,15.64%,0.5754,Call,11/21/2025,0.347945205
821,310,12.95,15.78%,0.5614,Call,11/21/2025,0.347945205
822,311,12.48,15.83%,0.5476,Call,11/21/2025,0.347945205
823,312,12,15.86%,0.5339,Call,11/21/2025,0.347945205
824,313,11.55,15.91%,0.5203,Call,11/21/2025,0.347945205
825,314,11.1,15.93%,0.5067,Call,11/21/2025,0.347945205
826,315,10.7,16.15%,0.4938,Call,11/21/2025,0.347945205
827,316,10.4,16.21%,0.4806,Call,11/21/2025,0.347945205
828,317,10.03,16.28%,0.4678,Call,11/21/2025,0.347945205
829,318,9.5,16.13%,0.4539,Call,11/21/2025,0.347945205
830,319,9.28,16.63%,0.4437,Call,11/21/2025,0.347945205
831,320,8.83,16.20%,0.4282,Call,11/21/2025,0.347945205
832,321,8.45,16.31%,0.4162,Call,11/21/2025,0.347945205
833,322,8.13,16.26%,0.4032,Call,11/21/2025,0.347945205
834,323,7.8,16.41%,0.3921,Call,11/21/2025,0.347945205
835,324,7.5,16.48%,0.3804,Call,11/21/2025,0.347945205
836,325,7.23,16.66%,0.3701,Call,11/21/2025,0.347945205
837,326,6.93,16.60%,0.3577,Call,11/21/2025,0.347945205
838,327,6.63,16.61%,0.3462,Call,11/21/2025,0.347945205
839,328,6.35,16.65%,0.3352,Call,11/21/2025,0.347945205
840,285,2.25,15.69%,-0.1485,Put,11/21/2025,0.347945205
841,290,3.15,15.54%,-0.1959,Put,11/21/2025,0.347945205
842,291,3.38,15.56%,-0.2072,Put,11/21/2025,0.347945205
843,292,3.68,15.67%,-0.2199,Put,11/21/2025,0.347945205
844,293,3.85,15.54%,-0.2299,Put,11/21/2025,0.347945205
845,294,4.1,15.52%,-0.2413,Put,11/21/2025,0.347945205
846,295,4.38,15.48%,-0.2529,Put,11/21/2025,0.347945205
847,296,4.68,15.54%,-0.2667,Put,11/21/2025,0.347945205
848,297,5.05,15.67%,-0.2806,Put,11/21/2025,0.347945205
849,298,5.4,15.72%,-0.294,Put,11/21/2025,0.347945205
850,299,5.63,15.63%,-0.3063,Put,11/21/2025,0.347945205
851,300,5.98,15.55%,-0.3188,Put,11/21/2025,0.347945205
852,301,6.35,15.60%,-0.3338,Put,11/21/2025,0.347945205
853,302,6.73,15.61%,-0.3478,Put,11/21/2025,0.347945205
854,303,7.13,15.61%,-0.3618,Put,11/21/2025,0.347945205
855,304,7.53,15.63%,-0.3766,Put,11/21/2025,0.347945205
856,305,7.98,15.78%,-0.3914,Put,11/21/2025,0.347945205
857,306,8.58,15.68%,-0.4058,Put,11/21/2025,0.347945205
858,307,8.88,15.72%,-0.421,Put,11/21/2025,0.347945205
859,308,9.38,15.78%,-0.4363,Put,11/21/2025,0.347945205
860,309,10.03,16.03%,-0.4514,Put,11/21/2025,0.347945205
861,310,10.55,16.08%,-0.4664,Put,11/21/2025,0.347945205
862,311,11.08,16.11%,-0.4818,Put,11/21/2025,0.347945205
863,312,11.6,16.11%,-0.4959,Put,11/21/2025,0.347945205
864,313,12.02,15.96%,-0.5115,Put,11/21/2025,0.347945205
865,314,12.78,16.24%,-0.5247,Put,11/21/2025,0.347945205
866,315,13.33,16.22%,-0.54,Put,11/21/2025,0.347945205
867,316,13.85,16.15%,-0.5558,Put,11/21/2025,0.347945205
868,317,14.58,16.34%,-0.5708,Put,11/21/2025,0.347945205
869,318,15.13,16.25%,-0.5877,Put,11/21/2025,0.347945205
870,319,15.85,16.40%,-0.6002,Put,11/21/2025,0.347945205
871,320,16.53,16.45%,-0.6129,Put,11/21/2025,0.347945205
872,321,17.23,16.53%,-0.6261,Put,11/21/2025,0.347945205
873,322,17.9,16.55%,-0.6386,Put,11/21/2025,0.347945205
874,323,18.6,16.59%,-0.6519,Put,11/21/2025,0.347945205
875,324,19.28,16.58%,-0.6658,Put,11/21/2025,0.347945205
876,325,20.1,16.77%,-0.6842,Put,11/21/2025,0.347945205
877,326,20.85,16.82%,-0.7008,Put,11/21/2025,0.347945205
878,327,21.63,16.90%,-0.7113,Put,11/21/2025,0.347945205
879,328,22.38,16.91%,-0.7222,Put,11/21/2025,0.347945205
